{
    "actions": {
        "acqdatetime": {
            "filters": {},
            "params": {}
        },
        "MRL_geomfidel_2shift_analysis": {
            "filters": {
            	"shiftA_description": "B15MSFE10_FSA",
    	    	"shiftP_description": "B15MSFE10_FSP"
    	    },
            "params": {}
        }
    },
    "cfgformat": "20210820",
    "comments": {
        "author": "Tim Schakel, UMCU",
        "creator": " ",
        "description": "Geometric Fidelity 7-slab phantom analysis",
        "version": "20210820"
    }
}
